Product ID,Product Title,Product Type,Total Inventory
6841646776518,Gorilla Wear Knee Wrap,Tarvikkeet,50
6848558629062,"Gorilla Wear 6"" Pehmustettu Nahkainen Nostovyö",Nostovyöt,45
6848559513798,"Gorilla Wear 4"" Pehmustettu Nahkainen Nostovyö",Nostovyöt,30
6848560758982,"Gorilla Wear 4"" Nylon Nostovyö",Nostovyöt,44
6856717664454,Gorilla Wear Alabama Drop Crotch Housut,Housut,30
6856718090438,Gorilla Wear Austin Tank Top - Kaikki värit,Tank Topit,39
6856719696070,Gorilla Wear Augustine Old School Housut,Housut,174
6856720089286,Gorilla Wear Augustine Old School Shorts - Kaikki värit,Shortsit,176
6856720646342,Gorilla Wear Augustine Old School Work Out Top - Kaikki värit,Paidat,165
6856724840646,Classic Work Out Top - Kaikki värit,Paidat,27
6856726511814,Gorilla Wear 4 Inch Nylon Belt - Musta/Harmaa,Nostovyöt,297
6856726675654,Gorilla Wear 4 Inch Padded Leather Belt - Musta,Nostovyöt,30
6856727560390,Gorilla Wear Albin Shorts - Musta,Shortsit,39
6856728871110,Gorilla Wear Bellevue Neck Warmer - Vaaleanpunainen,Tarvikkeet,10
6856729624774,Gorilla Wear 82 Jersey - Kaikki värit,T-paidat,55
6856730050758,Gorilla Wear Alexsandria Hoodie - Musta,Takit ja hupparit,10
6856731525318,Gorilla Wear Ashton Pro Boxing Gloves,Kamppailu-urheilu,50
6856731852998,Gorilla Wear Berea MMA Gloves,Kamppailu-urheilu,30
6856732082374,Gorilla Wear Aspen T- Shirt - Kaikki värit,T-paidat,100
6856732278982,Gorilla Wear Aspen Tank Top - Kaikki värit,Tank Topit,198
6856732344518,Gorilla Wear Athlete Shirt 2.0 - Kaikki urheilijat,T-paidat,98
6856732737734,Gorilla Wear Boxer Shortsit 3-Kpl,Shortsit,698
6856733425862,Gorilla Wear Banks Oversized Huppari,Takit ja hupparit,1000
6856733851846,Gorilla Wear Banks Sweatpants,Housut,999
6864083058886,Gorilla Wear Classic Logo Lippis - Musta/Harmaa,Päähineet,8
6864083321030,Gorilla Wear Dallas Rannekäsineet,Treenihanskat,598
6864083484870,Gorilla Wear Delta Hoodie - Kaikki värit,Takit ja hupparit,80
6864083681478,Gorilla Wear Dunellen Tank Top - Musta/Harmaa,T-paidat,55
6864083910854,Gorilla Wear Fresno T-shirt,T-paidat,91
6864083976390,Gorilla Wear Full Leather Padded Belt - Musta,Nostovyöt,300
6864085024966,Gorilla Wear Functional Mesh Shorts - Kaikki värit,Shortsit,39
6864085123270,Gorilla Wear Drawstring Bag - Musta/Punainen,Laukut,100
6864085287110,Gorilla Wear Hardcore Lifting Straps - Musta,Remmit ja Siteet,98
6864086892742,Gorilla Wear Drawstring Bag - Musta/Vaaleanpunainen,Laukut,100
6864087023814,Gorilla Wear Henderson Muay Thai / Kickboxing Shorts,Shortsit,70
6864087318726,Gorilla Wear Franklin Men's Shorts,Shortsit,34
6864087810246,Gorilla Wear Functional Gym Towel,Tarvikkeet,100
