"#";"Url";"SEMrush backlinks";"SEMrush subdomain backlinks";"Bing index";"SEMrush Rank"
"1";"https://truehempscience.com/";"2129";"2689";"1,760 ";"3372232"
"2";"https://truehempscience.com/faq/";"wait...";"2689";"1,760 ";"3372232"
"3";"https://truehempscience.com/edibles/";"wait...";"2689";"1,760 ";"3372232"
"4";"https://truehempscience.com/sitemap/";"wait...";"2689";"1,760 ";"3372232"
"5";"https://truehempscience.com/crrow777/";"wait...";"2689";"1,760 ";"3372232"
"6";"https://truehempscience.com/research/";"wait...";"2689";"1,760 ";"3372232"
"7";"https://truehempscience.com/wishlist/";"wait...";"2689";"1,760 ";"3372232"
"8";"https://truehempscience.com/home/";"wait...";"2689";"1,760 ";"3372232"
"9";"https://truehempscience.com/booking/";"wait...";"2689";"1,760 ";"3372232"
"10";"https://truehempscience.com/manifesto/";"wait...";"2689";"1,760 ";"3372232"
"11";"https://truehempscience.com/bundles/";"wait...";"2689";"1,760 ";"3372232"
"12";"https://truehempscience.com/oils/";"wait...";"2689";"1,760 ";"3372232"
"13";"https://truehempscience.com/shop/";"wait...";"2689";"1,760 ";"3372232"
"14";"https://truehempscience.com/pet/";"wait...";"2689";"1,760 ";"3372232"
"15";"https://truehempscience.com/blog/";"wait...";"2689";"1,760 ";"3372232"
"16";"https://truehempscience.com/post/";"wait...";"2689";"1,760 ";"3372232"
"17";"https://truehempscience.com/about/";"wait...";"2689";"1,760 ";"3372232"
"18";"https://truehempscience.com/reviews/";"wait...";"2689";"1,760 ";"3372232"
"19";"https://truehempscience.com/bioactive-silicate/";"wait...";"2689";"1,760 ";"3372232"
"20";"https://truehempscience.com/lab-reports/";"wait...";"2689";"1,760 ";"3372232"
"21";"https://truehempscience.com/cbd-quiz/";"wait...";"2689";"1,760 ";"3372232"
"22";"https://truehempscience.com/type/edibles/";"wait...";"2689";"1,760 ";"3372232"
"23";"https://truehempscience.com/report/23/";"wait...";"2689";"1,760 ";"3372232"
"24";"https://truehempscience.com/product-guide/";"wait...";"2689";"1,760 ";"3372232"
"25";"https://truehempscience.com/report/33/";"wait...";"2689";"1,760 ";"3372232"
"26";"https://truehempscience.com/type/watertek/";"wait...";"2689";"1,760 ";"3372232"
"27";"https://truehempscience.com/report/19/";"wait...";"2689";"1,760 ";"3372232"
"28";"https://truehempscience.com/find-us/";"wait...";"2689";"1,760 ";"3372232"
"29";"https://truehempscience.com/water-soluble/";"wait...";"2689";"1,760 ";"3372232"
"30";"https://truehempscience.com/cbd-free/";"wait...";"2689";"1,760 ";"3372232"
"31";"https://truehempscience.com/pet-soundz/";"wait...";"2689";"1,760 ";"3372232"
"32";"https://truehempscience.com/skin-care/";"wait...";"2689";"1,760 ";"3372232"
"33";"https://truehempscience.com/report/81/";"wait...";"2689";"1,760 ";"3372232"
"34";"https://truehempscience.com/product/23/";"wait...";"2689";"1,760 ";"3372232"
"35";"https://truehempscience.com/type/pet/";"wait...";"2689";"1,760 ";"3372232"
"36";"https://truehempscience.com/moon-dust/";"wait...";"2689";"1,760 ";"3372232"
"37";"https://truehempscience.com/type/skin-care/";"wait...";"2689";"1,760 ";"3372232"
"38";"https://truehempscience.com/about/our-history/";"wait...";"2689";"1,760 ";"3372232"
"39";"https://truehempscience.com/type/topical-salve/";"wait...";"2689";"1,760 ";"3372232"
"40";"https://truehempscience.com/product/bioactive-silica/";"wait...";"2689";"1,760 ";"3372232"
"41";"https://truehempscience.com/type/cbd-oil/";"wait...";"2689";"1,760 ";"3372232"
"42";"https://truehempscience.com/survey-landing-page/";"wait...";"2689";"1,760 ";"3372232"
"43";"https://truehempscience.com/the-propaganda-report/";"wait...";"2689";"1,760 ";"3372232"
"44";"https://truehempscience.com/product/ths-tee-shirt/";"wait...";"2689";"1,760 ";"3372232"
"45";"https://truehempscience.com/report/spygeric-delphi-11/";"wait...";"2689";"1,760 ";"3372232"
"46";"https://truehempscience.com/full-spectrum-hemp-paste/";"wait...";"2689";"1,760 ";"3372232"
"47";"https://truehempscience.com/spagyric-specs-and-lab-report/";"wait...";"2689";"1,760 ";"3372232"
"48";"https://truehempscience.com/gummies-specs-and-lab-report/";"wait...";"2689";"1,760 ";"3372232"
"49";"https://truehempscience.com/product/fulvic-and-ocean-minerals/";"wait...";"2689";"1,760 ";"3372232"
"50";"https://truehempscience.com/report/full-spectrum-vegan-gummies/";"wait...";"2689";"1,760 ";"3372232"